source,avg_score
4-koma manga,7.462260465025232
Book,7.336437238219163
Card game,6.870959485497469
Digital manga,6.27403482157998
Game,7.033857693863417
Light novel,7.547666367656115
Manga,7.645934224868701
Music,7.302314167330708
Novel,7.7962847203267085
Original,7.520261100201623
Other,6.985161060025731
Picture book,6.936468187449178
Radio,6.311972300919272
Unknown,6.785835727731967
Visual novel,7.19380956277404
Web manga,7.694903890362806
